index,filename,asr,l2_distortion,linf_distortion,lpips,queries,ssim,psnr,orig_class,adv_class,total_time_seconds
0,ILSVRC2012_val_00000089.JPEG,False,inf,nan,nan,101,nan,nan,487,0,216.2
1,ILSVRC2012_val_00000143.JPEG,False,inf,nan,nan,101,nan,nan,771,0,216.2
2,ILSVRC2012_val_00000149.JPEG,True,2.271191358566284,0.05503109097480774,0.004045689012855291,10204,0.98345774,44.47952777688069,590,487,216.2
3,ILSVRC2012_val_00000158.JPEG,False,inf,nan,nan,101,nan,nan,763,0,216.2
4,ILSVRC2012_val_00000160.JPEG,True,9.499786376953125,0.2992759644985199,0.059212133288383484,8552,0.96523476,32.05122275168109,646,111,216.2
5,ILSVRC2012_val_00000168.JPEG,True,5.198681831359863,0.281520813703537,0.028009289875626564,6326,0.9648338,37.289493777579075,666,567,216.2
6,ILSVRC2012_val_00000187.JPEG,True,6.719027519226074,0.25355595350265503,0.028752509504556656,9292,0.9349627,35.059523036653395,867,609,216.2
7,ILSVRC2012_val_00000194.JPEG,True,6.035703659057617,0.166365385055542,0.04021003842353821,9401,0.9605069,35.990391247791976,771,530,216.2
TOTAL,,5/8,5.9449,0.2111,0.032,5510,0.9618,36.97,,,216.2
